Replica_No.,Average_value,Max_value
0,0.741700322364218,0.8222612
1,0.7601311386581475,0.9288343
2,0.823880424600639,1.0430254
