Replica_No.,Average_value,Max_value
0,495.86954001596837,627.356518
1,358.93692493213564,489.350591
2,415.9744497584834,548.664351
Average,423.5936382355291,555.1238199999999
