Replica_No.,Average_value,Max_value
0,2.437840618762474,2.48186
1,2.4704692614770436,2.51069
2,2.4359755888223558,2.46506
Average,2.4480951563539577,2.48587
