Replica_No.,Average_value,Max_value
0,1.3282515828057297,1.661
1,1.2520166611129588,1.61
2,1.3310069976674423,1.666
Average,1.3037584138620437,1.6456666666666664
